{
  "14": [
    {
      "id": 1,
      "title": "json-server",
      "author": "typicode"
    },
    {
      "id": 1,
      "title": "json-server",
      "author": "typicode"
    },
    {
      "id": 1,
      "title": "json-server",
      "author": "typicode"
    },
    {
      "id": 1,
      "title": "json-server",
      "author": "typicode"
    },
    {
      "id": 1,
      "title": "json-server",
      "author": "typicode"
    },
    {
      "id": 1,
      "title": "json-server",
      "author": "typicode"
    }
  ],
  "comments": [
    {
      "id": 1,
      "body": "some comment",
      "postId": 1
    }
  ],
  "profile": {
    "name": "typicode"
  }
}